INSERT INTO fidélité values('Or', 15);
INSERT INTO fidélité values('Bronze', 5);
INSERT INTO fidélité values('Bois', 0);

INSERT INTO Client Values('Bayle','Sevane',0638380365,'sevane@gmail.com','jaimelerugby','126 rue marius',156779, 'Or');
INSERT INTO Client Values('Bastian','Nicolas',0638380502,'jaimelesarbres@gmail.com','vivelefoot','10 rue jean',759624, 'Or');
INSERT INTO Client Values('Dupont','Jean',0679854578,'jean@gmail.com','lavoiture','15 rue aufan',452618, 'Or');
INSERT INTO Client Values('Dumanoir','Yve',0698482565,'yve@gmail.com','lebusscolairejaune','126 rue dumanoir',145454, 'Or');
INSERT INTO Client Values('leblanc','Paul',0678485869,'paul@gmail.com','jesuispaul','25 rue marius',789456, 'Or');
INSERT INTO Client Values('demaisonrouge','theophile',0696967848,'theo@gmail.com','jaimeletennis','126 rue rené',751236, 'Bronze');
INSERT INTO Client Values('lebec ','Pablo',0645363636,'pablo@gmail.com','aenflsp','126 rue de paris',748596, 'Or');
INSERT INTO Client Values('lerose','jeanne',0678120221,'jeanne@gmail.com','jaimesevane','126 rue marius',156779, 'Bronze');
INSERT INTO Client Values('matin','martin',0605040663,'martin@gmail.com','azerty','1 rue rené',789000, 'Bronze');
INSERT INTO Client Values('Bernard','Sebastien',0638747485,'sebastien@gmail.com','ilétaitunefois','17 rue saint martin',963212, 'Bronze');
INSERT INTO Client Values('richard','sarah',0638384545,'sarah@gmail.com','lollldld','12 rue de la liberté',156156, 'Bois');
INSERT INTO Client Values('durand','emma',0637181516,'emma@gmail.com','vivelecinema','126 rue danton',555555, 'Bois');
INSERT INTO Client Values('duroc','valentine',0606060606,'val@gmail.com','safeeee','55 rue des invincibles', 56324540, 'Bronze');
INSERT INTO Client Values('dubois','bertrand',0625241565,'dubois@gmail.com','qsdfghbvc','78 rue du bac',222222, 'Bois');
INSERT INTO Client Values('vand','Sophie',0678956525,'leseum@gmail.com','jaimenicolas','45 rue des jaloux',554636, 'Or');
INSERT INTO Client VALUES ('Martinez', 'Lucie', 0644587878, 'lucie@gmail.com', 'soleil78', '25 rue des Fleurs', 546321, 'Bronze');
INSERT INTO Client VALUES ('Benoit', 'Pierre', 0675452136, 'pierre@gmail.com', 'motdepasse', '8 rue des Lilas', 987654, 'Or');
INSERT INTO Client VALUES ('Garcia', 'Isabelle', 0612365478, 'isabelle@gmail.com', 'fleurs23', '17 avenue des Roses', 123456, 'Bronze');
INSERT INTO Client VALUES ('Tremblay', 'Marc', 0625369741, 'marc@gmail.com', 'football', '3 rue des Tulipes', 789123, 'Bois');
INSERT INTO Client VALUES ('Lemieux', 'Sophie', 0654897523, 'sophie@gmail.com', 'soleil', '56 boulevard des Orchidées', 951753, 'Or');
INSERT INTO Client VALUES ('Nguyen', 'An', 0685236412, 'an@gmail.com', 'an123', '46 rue des Coquelicots', 123789, 'Bronze');
INSERT INTO Client VALUES ('Gagnon', 'Éric', 0632698745, 'eric@gmail.com', 'ericmotdepasse', '28 avenue des Marguerites', 456789, 'Or');
INSERT INTO Client VALUES ('Roy', 'Nathalie', 0674123658, 'nathalie@gmail.com', 'papillon', '5 rue des Lys', 987123, 'Bronze');
INSERT INTO Client VALUES ('Moreau', 'Olivier', 0669458123, 'olivier@gmail.com', 'olivier2023', '88 rue des Violettes', 321654, 'Bronze');
INSERT INTO Client VALUES ('Lefebvre', 'Julie', 0658741236, 'julie@gmail.com', 'juliechat', '9 avenue des Pivoines', 654123, 'Bronze');
INSERT INTO Client VALUES ('Tremblay', 'Daniel', 0632547891, 'daniel@gmail.com', 'dan1234', '12 rue des Iris', 951753, 'Bois');
INSERT INTO Client VALUES ('Lavoie', 'Catherine', 0625412365, 'catherine@gmail.com', 'cat789', '34 boulevard des Jonquilles', 789456, 'Bois');
INSERT INTO Client VALUES ('Fortin', 'François', 0685214796, 'francois@gmail.com', 'francois99', '14 avenue des Lilas', 123456, 'Bronze');
INSERT INTO Client VALUES ('Girard', 'Stéphanie', 0654123789, 'stephanie@gmail.com', 'steph2023', '23 rue des Hortensias', 789321, 'Bois');
INSERT INTO Client VALUES ('Lachance', 'Guillaume', 0641245789, 'guillaume@gmail.com', 'guillaume1', '45 boulevard des Dahlias', 654789, 'Or');
INSERT INTO Client VALUES ('Beaulieu', 'Marie', 0685412369, 'marie@gmail.com', 'marielove', '31 rue des Camélias', 951753,'Bronze');


INSERT INTO Bon_Commande VALUES('S_Mar&Ver', 'sevane@gmail.com', '126 rue marius', '2022-10-15', 'Cadeau');
INSERT INTO Bon_Commande VALUES('S_RosB&RosR', 'sevane@gmail.com', '126 rue marius', '2022-12-15', 'Coucou');
INSERT INTO Bon_Commande VALUES('S_RosB&RosR', 'jaimelesarbres@gmail.com', '10 rue jean', '2022-05-15', 'Je t aime'); 
INSERT INTO Bon_Commande VALUES('S_Gin&Gin&Ois&Ros&Gen', 'jean@gmail.com', '15 rue aufan','2022-12-24', 'C est pour toi');
INSERT INTO Bon_Commande VALUES('S_Ger&RosB&Lys&Al', 'yve@gmail.com', '10 rue du manoir', '2022-05-18', 'Gros bisous');
INSERT INTO Bon_Commande VALUES('S_RosB&RosR', 'yve@gmail.com', '10 rue du manoir', '2022-08-18', 'Aïd Moubarak');
INSERT INTO Bon_Commande VALUES('S_Lys&Orch', 'yve@gmail.com', '10 rue du manoir', '2022-02-18', 'Happy Hanouka');
INSERT INTO Bon_Commande VALUES('S_Lys&Orch', 'paul@gmail.com','35 rue marius','2022-12-08', 'Bisous');
INSERT INTO Bon_Commande VALUES('P_Gerb&4Marg', 'theo@gmail.com','25 rue rené','2023-02-13', 'Wesh la zone');
INSERT INTO Bon_Commande VALUES('A_Vase', 'pablo@gmail.com', '126 rue de paris', '2023-05-24', 'Je suis gai XOXO');
INSERT INTO Bon_Commande VALUES('A_Ruban', 'jeanne@gmail.com','6 rue marius', '2023-02-07', 'Trop belle tu es');
INSERT INTO Bon_Commande VALUES('A_Boites', 'martin@gmail.com', '1 rue rené', '2022-05-14', 'Joyeuse saint valentin');
INSERT INTO Bon_Commande VALUES('P_3Ging&2Gerb&2RosR', 'sebastien@gmail.com','17 rue saint martin ', '2023-01-18', 'Happy Birthdead');
INSERT INTO Bon_Commande VALUES('P_2Gerb&Gin', 'sarah@gmail.com','12 rue de la liberté','2022-11-25', 'Coucou');
INSERT INTO Bon_Commande VALUES('P_50RosR', 'emma@gmail.com', '126 rue danton', '2023-10-13', 'Sexe ?');
INSERT INTO Bon_Commande VALUES('S_RosB&RosR', 'val@gmail.com','55 rue des invincibles', '2023-05-10', 'Joeux Noel');
INSERT INTO Bon_Commande VALUES('P_20Marg', 'dubois@gmail.com', '78 rue du bac','2023-07-16', 'Tu me manques');
INSERT INTO Bon_Commande VALUES('P_10Ginger', 'leseum@gmail.com','45 rue des jaloux ','2022-02-14', 'Tu me manques bb');
INSERT into Bon_Commande Values('P_2Gerb&4Marg','lucie@gmail.com','25 rue des Fleurs','2023-12-25','A bientot');
INSERT INTO bon_commande values('S_Lys&Orch','pierre@gmail.com','8 rue des Lilas','2022-05-15','JE t aime');
INSERT INTO bon_commande values('S_RosB&RosR','isabelle@gmail.com','17 avenue des Roses','2023-07-15','Coucou');
INSERT INTO bon_commande values('P_5Ginger','marc@gmail.com','3 rue des Tulipes','2023-01-09','Hey');
INSERT INTO bon_commande values('P_15Ginger','sophie@gmail.com','56 boulevard des Orchidées','2022-05-09','Je t aime pas');
INSERT INTO bon_commande values('S_Lys&Orch','an@gmail.com','46 rue des Coquelicots','2022-08-09','Bonjour');
INSERT INTO bon_commande values('P_5RosR','eric@gmail.com','28 avenue des Marguerites','2022-06-25','Comment ca va?');
INSERT INTO bon_commande values('S_Lys&Orch','nathalie@gmail.com','5 rue des Lys','2022-06-14','Bon anniversaire');
INSERT INTO bon_commande values('P_1Gerb&4Marg','olivier@gmail.com','88 rue des Violettes','2022-11-19','Joyeuse fete');
INSERT INTO bon_commande values('S_RosB&RosR','julie@gmail.com','9 avenue des Pivoines','2023-04-17','Joyeux anniversaire');
INSERT INTO bon_commande values('P_5Marg','daniel@gmail.com','12 rue des Iris','2022-07-17','Joyeux anniversaire');
INSERT INTO bon_commande values('P_14RosR','catherine@gmail.com','34 boulevard des Jonquilles','2023-01-14','Tu me manques');
INSERT INTO bon_commande values('P_17Gerb&5Marg','francois@gmail.com','14 avenue des Lilas','2022-07-09','Tu me manques');
INSERT INTO bon_commande values('P_7Gerb','stephanie@gmail.com','23 rue des Hortensia','2022-09-28','joyeux noel');
INSERT INTO bon_commande values('P_60RosR','guillaume@gmail.com','45 boulevard des Dahlias','2022-06-16','see u soon');
INSERT INTO bon_commande values('S_Lys&Orch','marie@gmail.com','31 rue des Camélias','2023-02-16','ENFINN');
INSERT INTO bon_Commande values ('id_bon_commande', 'sevane@gmail.com', 'adresse_liv', '2023-5-22', 'message');


INSERT INTO Commande values('S_Mar&Ver', '2022-10-12', 'CL', 'sevane@gmail.com');
INSERT INTO Commande values('S_RosB&RosR', '2022-12-12', 'CL', 'sevane@gmail.com');
INSERT INTO Commande values('S_RosB&RosR','2022-05-12', 'CL', 'jaimelesarbres@gmail.com');
INSERT INTO Commande values('S_Gin&Gin&Ois&Ros&Gen', '2022-12-20','CL', 'jean@gmail.com');
INSERT INTO Commande values('S_Ger&RosB&Lys&Al', '2022-05-14','CL', 'yve@gmail.com');
INSERT INTO Commande values('S_RosB&RosR', '2022-08-14','CL', 'yve@gmail.com');
INSERT INTO Commande values('S_Lys&Orch', '2023-02-14','CL', 'yve@gmail.com');
INSERT INTO Commande values('S_Lys&Orch', '2022-12-05','CL', 'paul@gmail.com');
INSERT INTO Commande values('P_Gerb&4Marg', '2023-02-10','CL', 'theo@gmail.com');
INSERT INTO Commande values('A_Vase', '2022-05-20','CL', 'pablo@gmail.com');
INSERT INTO Commande values('A_Ruban', '2023-02-04','CL', 'jeanne@gmail.com');
INSERT INTO Commande values('A_Boites', '2022-05-09','CL', 'martin@gmail.com');
INSERT INTO Commande values('P_3Ging&2Gerb&2RosR', '2023-01-13','CL', 'sebastien@gmail.com');
INSERT INTO Commande values('P_2Gerb&Gin', '2022-11-20','CL', 'sarah@gmail.com');
INSERT INTO Commande values('P_50RosR', '2022-10-09','CL', 'emma@gmail.com');
INSERT INTO Commande values('S_RosB&RosR', '2023-04-30','CAC', 'val@gmail.com');
INSERT INTO Commande values('P_20Marg', '2022-07-05','CL', 'dubois@gmail.com');
INSERT INTO Commande values('P_10Ginger', '2023-02-10','CL', 'leseum@gmail.com');
INSERT INTO Commande values('P_2Gerb&4Marg', '2022-12-15','CL', 'lucie@gmail.com');
INSERT INTO Commande values('S_Lys&Orch', '2022-05-10','CL', 'pierre@gmail.com');
INSERT INTO Commande values('S_RosB&RosR', '2022-07-11','CL', 'isabelle@gmail.com');
INSERT INTO Commande values('P_5Ginger', '2023-01-05','CL', 'marc@gmail.com');
INSERT INTO Commande values('P_15Ginger', '2023-02-02','CL', 'sophie@gmail.com');
INSERT INTO Commande values('S_Lys&Orch', '2022-08-03','CL', 'an@gmail.com');
INSERT INTO Commande values('P_5RosR', '2022-06-20','CL', 'eric@gmail.com');
INSERT INTO Commande values('S_Lys&Orch', '2022-06-10','CL', 'nathalie@gmail.com');
INSERT INTO Commande values('P_1Gerb&4Marg', '2022-11-15','CL', 'olivier@gmail.com');
INSERT INTO Commande values('S_RosB&RosR', '2023-04-10','CAL', 'julie@gmail.com');
INSERT INTO Commande values('P_5Marg', '2022-07-12','CL', 'daniel@gmail.com');
INSERT INTO Commande values('P_14RosR', '2023-01-10','CL', 'catherine@gmail.com');
INSERT INTO Commande values('P_17Gerb&5Marg', '2022-07-05','CL', 'francois@gmail.com');
INSERT INTO Commande values('P_7Gerb', '2022-09-24','CL', 'stephanie@gmail.com');
INSERT INTO Commande values('P_60RosR', '2022-06-12','CL', 'guillaume@gmail.com');
INSERT INTO Commande values('S_Lys&Orch', '2023-02-10','CL', 'marie@gmail.com');

INSERT INTO Magasin values('La Defense', 80000);
INSERT INTO Magasin values('Neuilly', 125000);
INSERT INTO Magasin values('Paris 02', 200000);
INSERT INTO Magasin values('Paris 07', 120000);
INSERT INTO Magasin values('Paris 08', 150000);
INSERT INTO Magasin values('Paris 09', 135000);

INSERT INTO fleur (Id_fleur, prixF, Quantite_en_stock, occasion, _type, Qt_vendue, identifiant_m)
VALUES 
('Gerbera', 2.50, 1,'à l année', 'exotique', 10, 'La Defense'),
('Gerbera', 2.75, 23,'à l année', 'exotique', 12, 'Paris 08'),
('Gerbera', 3.00, 26,'à l année', 'exotique', 8, 'Paris 07'),
('Gerbera', 2.25, 13,'à l année', 'exotique', 15, 'Paris 02'),
('Gerbera', 2.00, 3,'à l année', 'exotique', 16, 'Paris 09'),
('Gerbera', 2.50, 15,'à l année', 'exotique', 10, 'Neuilly'),
('Glaieul', 3.00, 56,'à l année', 'exotique', 8, 'Paris 07'),
('Glaieul', 3.25, 6,'à l année', 'exotique', 10, 'La Defense'),
('Glaieul', 3.50, 6,'à l année', 'exotique', 12, 'Paris 08'),
('Glaieul', 2.75, 89,'à l année', 'exotique', 15, 'Paris 02'),
('Glaieul', 3.00, 45,'à l année', 'exotique', 6, 'Paris 09'),
('Glaieul', 3.25, 2,'à l année', 'exotique', 10, 'Neuilly'),
('Ginger', 1.75, 3,'à l année', 'exotique', 12, 'Neuilly'),
('Ginger', 2.00, 3,'à l année', 'exotique', 15, 'Paris 02'),
('Ginger', 2.25, 78,'à l année', 'exotique', 8, 'La Defense'),
('Ginger', 1.50, 8,'à l année', 'exotique', 6, 'Paris 09'),
('Ginger', 2.00, 89,'à l année', 'exotique', 10, 'Paris 07'),
('Ginger', 1.75, 95,'à l année', 'exotique', 12, 'Paris 08'),
('Marguerite', 2.25, 4,'à l année', 'exotique', 15, 'Paris 02'),
('Marguerite', 2.50, 5,'à l année', 'exotique', 18, 'Neuilly'),
('Marguerite', 2.75, 78,'à l année', 'exotique', 12, 'Paris 07'),
('Marguerite', 2.00, 34,'à l année', 'exotique', 10, 'Paris 08'),
('Marguerite', 2.25, 34,'à l année', 'exotique', 14, 'Paris 09');

INSERT INTO fleur Values ('Marguerite', 2.25, 34,'à l année', 'exotique', 14, 'La Defense');
INSERT INTO fleur values('Rose Rouge', 2.5, 14,'à l année', 'exotique', 14,'La Defense');
INSERT INTO fleur values('Rose Rouge', 2.5, 14,'à l année', 'exotique', 45,'Neuilly');
INSERT INTO fleur values('Rose Rouge', 2.5, 14,'à l année', 'exotique', 32,'Paris 02');
INSERT INTO fleur values('Rose Rouge', 2.5, 14,'à l année', 'exotique', 25,'Paris 07');
INSERT INTO fleur values('Rose Rouge', 2.5, 14,'à l année', 'exotique', 65,'Paris 08');
INSERT INTO fleur values('Rose Rouge', 2.5, 14,'à l année', 'exotique', 10,'Paris 09');

INSERT INTO produit values ('S_Mar&Ver', 45);
INSERT INTO produit values ('S_RosB&RosR', 65);
INSERT INTO produit values ('P_60RosR', 150);
INSERT INTO produit values ('P_7Gerb', 35);
INSERT INTO produit values ('P_17Gerb&5Marg', 96.25);
INSERT INTO produit values ('P_14RosR', 35);
INSERT INTO produit values ('P_5Marg', 11.25);
INSERT INTO produit values('P_1Gerb&4Marg',14);
INSERT INTO produit values ('P_5RosR', 12.5);
INSERT INTO produit values ('P_15Ginger', 60);
INSERT INTO produit values ('A_Boites', 10);
INSERT INTO produit values ('P_Gerb&4Marg', 14);
INSERT INTO produit values ('P_3Ging&2Gerb&2RosR', 27);
INSERT INTO produit values ('P_2Gerb&Gin',14);
INSERT INTO produit values ('P_50RosR', 25);
INSERT INTO produit values ('P_20Marg', 50);
INSERT INTO produit values ('P_10Ginger', 40);
INSERT INTO produit values ('P_2Gerb&4Marg', 19);
INSERT INTO produit values ('P_5Ginger', 25);
INSERT INTO produit values ('A_ruban', 2);

INSERT INTO bouquet values ('P_60RosR', 150);
INSERT INTO bouquet values ('P_7Gerb', 35);
INSERT INTO bouquet values ('P_17Gerb&5Marg', 96.25);
INSERT INTO bouquet values ('P_14RosR', 35);
INSERT INTO bouquet values ('P_5Marg', 11.25);
INSERT INTO bouquet values('P_1Gerb&4Marg',14);
INSERT INTO bouquet values ('P_5RosR', 12.5);
INSERT INTO bouquet values ('P_15Ginger', 60);
INSERT INTO bouquet values ('P_Gerb&4Marg', 14);
INSERT INTO bouquet values ('P_3Ging&2Gerb&2RosR', 27);
INSERT INTO bouquet values ('P_2Gerb&Gin',14);
INSERT INTO bouquet values ('P_50RosR', 25);
INSERT INTO bouquet values ('P_20Marg', 50);
INSERT INTO bouquet values ('P_10Ginger', 40);
INSERT INTO bouquet values ('P_2Gerb&4Marg', 19);
INSERT INTO bouquet values ('P_5Ginger', 25);


INSERT INTO accessoire (Id_Access, prix_access, Quantite_stock, IdMag)
VALUES
('A_vase', 20, 13, 'La Defense'),
('A_ruban', 2, 25, 'La Defense'),
('A_boites', 10, 4, 'La Defense'),
('S_Mar&Ver', 45, 2, 'La Defense'),
('S_RosB&RosR', 65, 4, 'La Defense'),
('S_Gin&Gin&Ois&Ros&Gen', 40, 5, 'La Defense'),
('S_Ger&RosB&Lys&Al', 80, 2, 'La Defense'),
('S_Lys&Orch', 120, 1, 'La Defense'),
('A_vase', 20, 13, 'Neuilly'),
('A_ruban', 2, 25, 'Neuilly'),
('A_boites', 10, 4, 'Neuilly'),
('S_Mar&Ver', 45, 2, 'Neuilly'),
('S_RosB&RosR', 65, 4, 'Neuilly'),
('S_Gin&Gin&Ois&Ros&Gen', 40, 5, 'Neuilly'),
('S_Ger&RosB&Lys&Al', 80, 2, 'Neuilly'),
('S_Lys&Orch', 120, 1, 'Neuilly'),
('A_vase', 20, 13, 'Paris 02'),
('A_ruban', 2, 25, 'Paris 02'),
('A_boites', 10, 4, 'Paris 02'),
('S_Mar&Ver', 45, 2,'Paris 02'),
('S_RosB&RosR', 65, 4, 'Paris 02'),
('S_Gin&Gin&Ois&Ros&Gen', 40, 5, 'Paris 02'),
('S_Ger&RosB&Lys&Al', 80, 2, 'Paris 02'),
('S_Lys&Orch', 120, 1, 'Paris 02'),
('A_vase', 20, 13, 'Paris 07'),
('A_ruban', 2, 25, 'Paris 07'),
('A_boites', 10, 4, 'Paris 07'),
('S_Mar&Ver', 45, 2, 'Paris 07'),
('S_RosB&RosR', 65, 4, 'Paris 07'),
('S_Gin&Gin&Ois&Ros&Gen', 40, 5, 'Paris 07'),
('S_Ger&RosB&Lys&Al', 80, 2, 'Paris 07'),
('S_Lys&Orch', 120, 1, 'Paris 07'),
('A_vase', 20, 13, 'Paris 08'),
('A_ruban', 2, 25, 'Paris 08'),
('A_boites', 10, 4, 'Paris 08'),
('S_Mar&Ver', 45, 2, 'Paris 08'),
('S_RosB&RosR', 65, 4, 'Paris 08'),
('S_Gin&Gin&Ois&Ros&Gen', 40, 5, 'Paris 08'),
('S_Ger&RosB&Lys&Al', 80, 2, 'Paris 08'),
('S_Lys&Orch', 120, 1, 'Paris 08'),
('A_vase', 20, 13, 'Paris 09'),
('A_ruban', 2, 25, 'Paris 09'),
('A_boites', 10, 4, 'Paris 09'),
('S_Mar&Ver', 45, 2, 'Paris 09'),
('S_RosB&RosR', 65, 4, 'Paris 09'),
('S_Gin&Gin&Ois&Ros&Gen', 40, 5, 'Paris 09'),
('S_Ger&RosB&Lys&Al', 80, 2, 'Paris 09'),
('S_Lys&Orch', 120, 1, 'Paris 09');

# I) AJOUTER LE PRIX AVEC REDUCTION DANS COMMANDE
#1 ajout de la reduction
ALTER TABLE commande
ADD COLUMN reduction INTEGER;

UPDATE commande
JOIN client ON client.mail = commande.Id_client
JOIN fidélité ON client.f_grade = fidélité.grade
SET commande.reduction = fidélité.reduction;

#2 ajout du prix final
ALTER TABLE commande
ADD COLUMN prix_final DECIMAL(8,4);

UPDATE commande 
JOIN produit ON produit.Id_bon_commande = commande.Id_bon_commande
SET prix_final = produit.Prix_produit*( 1 - commande.reduction/100);
